{
    "IPW_list": [
        0.9999999999935617, 
        1.1166873690971568, 
        1.4148823857675012, 
        2.002693472287493, 
        2.4347165036907086, 
        3.4007881261702577, 
        6.192365554013135, 
        6.808080963170007, 
        8.545578314902217, 
        11.332744514488592, 
        11.354171323925446, 
        11.341182523863084, 
        11.29897030803123, 
        11.385315892261227, 
        11.354981074744957, 
        11.357107156278166, 
        11.284470567099499, 
        11.32432509683862, 
        11.377498071016797, 
        11.359965633996078, 
        11.37689225108496, 
        11.305382443698276, 
        11.33077959777317, 
        11.369898865577612, 
        11.35157000159742, 
        11.393937643260834, 
        11.340355140534436, 
        11.28326419183884, 
        11.328683823784694, 
        11.291430132163455, 
        11.312056393592364, 
        11.297262951714842, 
        11.365624230071809, 
        11.386098935831958, 
        11.372226808845978, 
        11.291196602291262, 
        11.425628188466069, 
        11.25621022710709, 
        11.393460969893669, 
        11.400212918106538
    ], 
    "click_model": {
        "click_prob": [
            0.1, 
            0.16, 
            0.28, 
            0.52, 
            1.0
        ], 
        "eta": 1.0, 
        "exam_prob": [
            0.68, 
            0.61, 
            0.48, 
            0.34, 
            0.28, 
            0.2, 
            0.11, 
            0.1, 
            0.08, 
            0.06
        ], 
        "model_name": "position_biased_model"
    }
}