{
    "eta": 1.0,
    "exam_prob": [],
    "model_name": "click_matrix_model",
    "click_prob": [
        [
            0.5905310300703774,
            0.08679370891237413,
            0.08582901120963694,
            0.06621880998080615,
            0.022320057335927103,
            0.00340866052266128,
            0.004,
            0.0023244062657908036,
            0.001467682754727632,
            0.002285600715492398
        ],
        [
            0.4962264150943396,
            0.15181518151815182,
            0.014456379881537999,
            0.0669090909090909,
            0.0037186638456113354,
            0.006607201850016518,
            0.005154639175257732,
            0.0030540432877439916,
            0.002560204816385311,
            0.002573529411764706
        ],
        [
            0.5416453755748595,
            0.09721024998040906,
            0.03520277400874416,
            0.021631205673758865,
            0.01422913304972862,
            0.00721659817580435,
            0.011511092507325241,
            0.014282757193127717,
            0.00854474398887196,
            0.004123014531936465
        ],
        [
            0.6114125678277612,
            0.12385946512847404,
            0.07420938463294896,
            0.029114099542492722,
            0.055367057371992594,
            0.050325850832729904,
            0.004773751092583877,
            0.007993605115907274,
            0.028296019900497512,
            0.014935391844269173
        ],
        [
            0.7420619071392911,
            0.1626205520452278,
            0.2419871794871795,
            0.039746543778801845,
            0.013888888888888888,
            0.03205128205128205,
            0.008333333333333333,
            0.002058264724509183,
            0.00975609756097561,
            0.003931847968545216
        ]
    ]
}